TrainingError,ValidationError,
0.08918043686532097,0.08867138336313862
0.032643121267946607,0.03320314496050808
0.020213435475865266,0.021566823973120194
0.019259922712240536,0.020609957230780955
0.01873390710859557,0.019995669308539323
0.018271303276124078,0.01944700152237718
0.017878443433311467,0.01897859569462562
0.017547486846550997,0.018582701351145814
0.017266591155734045,0.01824672482568583
0.017024362651030425,0.017958164382069507
0.016810889863385088,0.01770585572108064
0.016617991488048794,0.017480407432673387
0.01643921219547672,0.017274300104654815
0.01626967794191027,0.01708177389370497
0.016105867453614385,0.016898592167099533
0.015945349464839425,0.016721753704806858
0.015786525338149806,0.016549205676654095
0.01562840258575146,0.016379588782633285
0.01547041106919089,0.016212028728756937
0.015312263245484464,0.016045976165692796
0.015153853556589908,0.01588109017726853
0.014995189332016134,0.01571715730789133
0.014836345253565777,0.015554037634143474
0.014677434413099271,0.015391630332297115
0.014518590466325271,0.01522985271094472
0.01435995686245464,0.015068628244724514
0.01420168038354903,0.014907880504581686
0.014043907195370216,0.014747530946861992
0.013886780314995368,0.014587499303260875
0.01373043789106223,0.014427705846531979
0.013575012020699809,0.014268075135780187
0.013420628028994143,0.01410854100292209
0.013267404233308865,0.01394905255260112
0.013115452219937684,0.013789580837188986
0.012964877592229482,0.013630125676380733
0.012815781037585074,0.013470721879124516
0.01266825944881046,0.013311443974465922
0.012522406770841094,0.01315240854847504
0.012378314263066821,0.012993773471342746
0.012236069979585167,0.012835733683124179
0.01209575744988492,0.012678513724014039
0.011957453738958346,0.012522357727823634
0.011821227219144104,0.012367518010917958
0.01168713545182652,0.012214243578297196
0.011555223542122869,0.012062769794813518
0.01142552321338715,0.011913310169889934
0.011298052691733408,0.011766050772724366
0.011172817338908956,0.011621147345775377
0.01104981085888383,0.011478724813647138
0.010929016845404177,0.011338878647764648
0.010810410433070588,0.011201677454902663
0.010693959850352973,0.011067166185832073
0.010579627732058772,0.010935369467874774
0.010467372114973075,0.01080629470909571
0.010357147101618861,0.010679934767612427
0.010248903226080002,0.01055627010473565
0.010142587589501043,0.010435270434730564
0.010038143851096715,0.010316895945077427
0.0099355121649976,0.010201098192822904
0.009834629146676434,0.01008782079112652
0.009735427938090152,0.009976999992203296
0.009637838421073852,0.009868565254781626
0.009541787606786712,0.009762439861127192
0.009447200207602735,0.009658541624582262
0.009353999378752783,0.009556783706242473
0.009262107601664014,0.009457075540579105
0.009171447670121239,0.009359323855400219
0.009081943734305197,0.00926343376170706
0.008993522356161852,0.009169309883418264
0.008906113531758632,0.00907685749495582
0.008819651641371402,0.008985983635482418
0.008734076295037016,0.00889659817131742
0.008649333049220786,0.008808614781945029
0.008565373978263117,0.008721951849429452
0.008482158091744655,0.008636533235495597
0.00839965159539937,0.008552288934695267
0.00831782799850973,0.00846915559581461
0.008236668074768088,0.008387076906922582
0.008156159686496642,0.008306003842270267
0.00807629748406211,0.008225894771705483
0.007997082493538445,0.008146715435489808
0.00791852160641654,0.008068438789516788
0.007840626985646955,0.007991044728021559
0.007763415402720952,0.0079145196930223
0.007686907520951916,0.007838856181952005
0.007611127140661969,0.007764052167201123
0.00753610042256487,0.007690110443494675
0.007461855106185054,0.007617037921044801
0.0073884197404960675,0.0075448448840530384
0.007315822943945954,0.007473544235199006
0.007244092710478814,0.007403150747050048
0.007173255776934181,0.0073336803407118255
0.007103337065232796,0.0072651494104412915
0.0070343592100496925,0.007197574210372409
0.006966342179341462,0.007130970316091028
0.006899302991324024,0.007065352169750895
0.006833255527551753,0.007000732713052634
0.006768210437930023,0.006937123108051795
0.006704175130092371,0.006874532541761103
0.006641153832847217,0.006812968107171087
0.0065791477215252055,0.006752434750846472
0.006518155092121138,0.0066929352757847775
0.00645817157110521,0.006634470387748148
0.006399190348564303,0.0065770387736988345
0.006341202423755679,0.006520637202110402
0.006284196853980574,0.006465260636551416
0.006228160999698234,0.006410902355810915
0.006173080760790437,0.0063575540757300885
0.006118940800688256,0.006305206069634434
0.00606572475657313,0.006253847285701359
0.006013415435010368,0.00620346546068283
0.0059619949931543825,0.006154047230114579
0.005911445106113078,0.006105578235515408
0.005861747121239358,0.006058043229174393
0.005812882200094445,0.006011426177014939
0.005764831448678812,0.005965710359788189
0.005717576036319739,0.005920878472563395
0.005671097303388824,0.005876912722197299
0.005625376857843654,0.005833794922227423
0.00558039666046441,0.005791506584466471
0.005536139098601587,0.005750029006486165
0.0054925870482664405,0.005709343354171235
0.005449723924469092,0.005669430738580896
0.005407533719836007,0.0056302722864727895
0.0053660010316922665,0.005591849203990607
0.005325111077973769,0.0055541428331935365
0.005284849702511019,0.0055171347012813315
0.00524520337040076,0.005480806562543866
0.005206159154335211,0.005445140433223538
0.005167704712886912,0.005410118619616165
0.0051298282618477825,0.005375723739851677
0.005092518539788017,0.0053419387398841835
0.005055764769032325,0.005308746904284105
0.005019556613256782,0.005276131862465933
0.004983884132878046,0.00524407759100109
0.004948737739356087,0.00521256841266664
0.0049141081494528775,0.005181588992861573
0.004879986340395596,0.00515112433399274
0.004846363506785031,0.005121159768392807
0.004813231019970183,0.005091680950281991
0.0047805803904894025,0.005062673847234115
0.00474840323405149,0.005034124731547399
0.004716691241410187,0.005006020171864675
0.004685436152367567,0.004978347025326816
0.004654629734032499,0.00495109243048764
0.00462426376336183,0.004924243801163534
0.0045943300139220915,0.004897788821339906
0.004564820246734036,0.004871715441210692
0.004535726204997974,0.004846011874384667
0.00450703961244463,0.004820666596254809
0.004478752175018416,0.004795668343496068
0.004450855585569066,0.0047710061146296135
0.004423341531211223,0.0047466691715699685
0.004396201703001157,0.004722647042055026
0.004369427807580096,0.0046989295228460634
0.004343011580439069,0.004675506683576794
0.004316944800473186,0.004652368871126306
0.004291219305509123,0.004629506714388991
0.0042658270085100414,0.004606911129315825
0.004240759914185125,0.004584573324105985
0.0042160101357543635,0.004562484804431823
0.004191569911644609,0.00454063737858845
0.004167431621917511,0.004519023162466147
0.004143587804254567,0.004497634584252974
0.004120031169346935,0.004476464388782641
0.004096754615560342,0.00445550564145254
0.00407375124276547,0.004434751731645221
0.004051014365242012,0.004414196375594044
0.004028537523581751,0.004393833618642275
0.004006314495530768,0.004373657836852271
0.003984339305722918,0.004353663737926728
0.003962606234269271,0.004333846361411925
0.00394110982417643,0.004314201078156384
0.00391984488757622,0.004294723589004902
0.0038988065107555263,0.004275409922711643
0.003877990057981729,0.004256256433060157
0.0038573911741244553,0.0042372597951829405
0.0038370057860791285,0.004218417001075799
0.003816830103002723,0.004199725354307065
0.003796860615375772,0.004181182463924993
0.0037770940929092657,0.004162786237570153
0.0037575275813192793,0.004144534873804667
0.0037381583979961782,0.004126426853673142
0.0037189841265998368,0.004108460931514881
0.0037000026106172304,0.004090636125052392
0.003681211945922447,0.004072951704783399
0.0036626104723858255,0.004055407182712076
0.00364419676458207,0.004038002300455828
0.0036259696216537933,0.004020737016772948
0.003607928056390411,0.004003611494557536
0.003590071283588702,0.003986626087355816
0.003572398707764117,0.003969781325459744
0.0035549099102877577,0.0039530779016398055
0.0035376046360265263,0.003936516656581519
0.0035204827795670655,0.003920098564092656
0.0035035443711076662,0.0039038247161522818
0.003486789562102851,0.00388769630787303
0.003470218610746655,0.003871714622449446
0.0034538318673818322,0.00385588101616655
0.0034376297599196973,0.00384019690354076
0.003421612779355876,0.003824663742665832
0.003405781465463124,0.0038092830208329427
0.0033901363927408027,0.0037940562404930565
0.0033746781566957626,0.0037789849056252315
0.0033594073605251224,0.0037640705085704956
0.0033443246022668185,0.0037493145173877864
0.0033294304624776265,0.0037347183637821864
0.0033147254924921557,0.0037202834316501544
0.003300210203311056,0.003706011046282738
0.0032858850551582683,0.0036919024642587833
0.0032717504477422295,0.0036779588640569803
0.0032578067112478105,0.003664181337407711
0.003244054098079429,0.0036505708814000525
0.003230492775369843,0.0036371283913539036
0.0032171228182608963,0.0036238546544598337
0.0032039442039589307,0.0036107503441861278
0.0031909568065592434,0.0035978160154446002
0.003178160392630194,0.003585052100503782
0.0031655546175421248,0.003572458905632865
0.0031531390225212623,0.003560036608455204
0.0031409130324059568,0.0035477852559880384
0.003128875954077273,0.0035357047633395792
0.003117026975534794,0.0035237949130342535
0.003105365165584601,0.0035120553549329715
0.003093889474105089,0.003500485606714196
0.00308259873285404,0.003489085054879674
0.0030714916567801294,0.0034778529562484737
0.003060566845800617,0.0034667884399016457
0.0030498227870065266,0.00345589050953978
0.003039257857257372,0.003445158046215843
0.0030288703261277545,0.0034345898114070826
0.0030186583591673482,0.0034241844503878098
0.0030086200214394965,0.0034139404958696096
0.002998753281301797,0.0034038563718730907
0.002989056014395472,0.00339393039779891
0.002979526007811348,0.0033841607926668256
0.0029701609644005988,0.003374545679491946
0.002960958507202522,0.003365083089770933
0.0029519161839610237,0.0033557709680513727
0.0029430314717049785,0.003346607176559576
0.002934301781368548,0.003337589499864307
0.0029257244624300892,0.003328715649555496
0.00291729680754939,0.0033199832689186177
0.002909016057185539,0.00331138993758769
0.0029008794041788456,0.0033029331761611105
0.0028928839982827665,0.003294610450766976
0.002885026950632084,0.0032864191775646492
0.0028773053381371937,0.0032783567271734474
0.0028697162077933234,0.0032704204290173906
0.0028622565808974014,0.003262607575579932
0.0028549234571646435,0.00325491542656076
0.002847713818739701,0.0032473412129306726
0.0028406246340966714,0.003239882140878878
0.002833652861825349,0.0032325353956510388
0.0028267954543000537,0.003225298145274626
0.0028200493612294585,0.003218167544170961
0.0028134115330864665,0.003211140736652922
0.0028068789244171705,0.003204214860308376
0.002800448497029657,0.0031973870492702445
0.0027941172230628837,0.0031906544373741528
0.002787882087936811,0.0031840141612049927
0.0027817400931854494,0.003177463363034769
0.002775688259174523,0.0031709991936536308
0.0027697236277060655,0.0031646188150970993
0.002763843264511703,0.0031583194032711362
0.0027580442616379768,0.00315209815047929
0.0027523237397250903,0.003145952267853181
0.0027466788501829035,0.0031398789876908215
0.0027411067772658945,0.0031338755657044108
0.002735604740050443,0.0031279392831816376
0.002730169994316339,0.0031220674490620138
0.002724799834335852,0.00311625740193247
0.002719491594572204,0.0031105065119434974
0.002714242651290323,0.0031048121826494908
0.002709050424081734,0.0030991718527746356
0.002703912377306107,0.003093582997907283
0.0026988260214514297,0.003088043132124707
0.002693788914414519,0.003082549809549779
0.002688798662703851,0.0030771006258415784
0.0026838529225664608,0.0030716932196215518
0.0026789494010398054,0.0030663252738358667
0.0026740858569313047,0.00306099451705662
0.002669260101725134,0.0030556987247208774
0.0026644700004188815,0.0030504357203103402
0.0026597134722903507,0.003045203376471059
0.002654988491595817,0.00303999961607451
0.0026502930882005495,0.0030348224132200428
0.0026456253481422806,0.0030296697941791426
0.0026409834141287846,0.00302453983828204
0.0026363654859700835,0.003019430678746692
0.0026317698209456335,0.00301434050344947
0.0026271947341080493,0.003009267555639051
0.002622638598523248,0.003004210134592214
0.002618099845447929,0.0029991665962118825
0.0026135769644453338,0.002994135353567443
0.002609068503439738,0.0029891148773772795
0.002604573068710679,0.002984103696433201
0.002600089324827408,0.002979100397966776
0.0025956159945246574,0.00297410362795753
0.002591151858520701,0.002969112091383035
0.002586695755278472,0.002964124552410837
0.0025822465807106404,0.002959139834531861
0.00257780328783065,0.002954156820636736
0.0025733648863492755,0.0029491744530329516
0.0025689304422198103,0.0029441917334055477
0.0025644990771314983,0.0029392077227193975
0.002560069967954062,0.002934221541065357
0.0025556423461332326,0.0029292323674485923
0.0025512154970405137,0.0029242394395216993
0.002546788759276979,0.002919242053261229
0.0025423615239341993,0.0029142395625895282
0.002537933233812449,0.002909231378941177
0.0025335033825998506,0.0029042169707766212
0.0025290715140115837,0.002899195863040953
0.0025246372208934304,0.0028941676365713998
0.0025202001442893845,0.0028891319274520185
0.002515759972476574,0.0028840884263179626
0.002511316439968002,0.0028790368776091158
0.00250686932648557,0.002873977078774258
0.0025024184559049546,0.0028689088794268394
0.0024979636951739342,0.0028638321804531222
0.00249350495320568,0.0028587469330731414
0.002489042179749254,0.002853653137856318
0.002484575364238058,0.002848550843691745
0.0024801045346183738,0.00284344014671445
0.002475629756159221,0.002838321189188699
0.0024711511302459607,0.0028331941583498647
0.002466668793157001,0.0028280592852040704
0.002462182914827372,0.002822916843289024
0.0024576936975992192,0.0028177671473956045
0.0024532013749606263,0.0028126105522517228
0.00244870621027463,0.0028074474511699484
0.0024442084954993198,0.0028022782746599606
0.0024397085499003783,0.002797103489007217
0.002435206718757162,0.0027919235948190976
0.002430703372064294,0.0027867391255407305
0.0024261989032289895,0.00278155064594121
0.002421693727766031,0.0027763587505726015
0.002417188281991826,0.002771164062203586
0.002412683021718407,0.0027659672302296242
0.0024081784209487173,0.0027607689290614092
0.0024036749705747423,0.002755569856494565
0.002399173177080136,0.002750370732062675
0.0023946735612480835,0.002745172295376228
0.002390176656876426,0.0027399753044500272
0.0023856830095013506,0.002734780534022307
0.002381193175131156,0.0027295887738682054
0.0023767077189918453,0.0027244008271107576
0.0023722272142861042,0.0027192175085330806
0.002367752240967109,0.0027140396428942124
0.0023632833845295474,0.0027088680632533827
0.0023588212348184803,0.002703703609304654
0.00235436638485908,0.0026985471257272046
0.0023499194297077774,0.0026933994605534955
0.0023454809653276907,0.0026882614635601147
0.0023410515874888386,0.00268313398468391
0.0023366318906965053,0.002678017872468578
0.002332222467147534,0.0026729139725434332
0.002327823905717841,0.0026678231261396644
0.002323436790981853,0.0026627461686465344
0.0023190617022654817,0.0026576839282110884
0.002314699212734133,0.002652637224384462
0.0023103498885175475,0.0026476068668184797
0.0023060142878716648,0.002642593654014195
0.0023016929603797425,0.002637598372126098
0.002297386446192713,0.0026326217938234544
0.0022930952753103494,0.0026276646772115447
0.0022888199669038305,0.002622727764814687
0.002284561028679302,0.0026178117826213083
0.002280318956284839,0.002612917439194862
0.00227609423275808,0.002608045424848135
0.002271887328018124,0.002603196410885319
0.0022676986983980766,0.002598371048908719
0.0022635287862208036,0.002593569970192896
0.0022593780194155983,0.00258879378512395
0.0022552468111762852,0.0025840430827048216
0.0022511355596595427,0.0025793184301248
0.0022470446477227428,0.0025746203723926286
0.002242974442700479,0.0025699494320318927
0.0022389252962181135,0.0025653061088362367
0.002234897544042244,0.00256069087968406
0.00223089150596575,0.002556104198409362
0.002226907485726585,0.0025515464957270285
0.00222294577095879,0.0025470181792103604
0.0022190066331744976,0.002542519633318293
0.002215090327774905,0.0025380512194694647
0.0022111970940894396,0.002533613276161164
0.002207327155440136,0.0025292061191288665
0.002203480719232238,0.002524830041546503
0.002199657977066293,0.0025204853142611577
0.002195859104872897,0.002516172186062458
0.002192084263067237,0.002511890883982261
0.0021883335967216935,0.0025076416136219997
0.002184607235756864,0.0025034245595065177
0.0021809052951472234,0.002499239885459776
0.0021772278751417667,0.002495087735001324
0.0021735750614982658,0.0024909682317612565
0.00216994692572895,0.002486881479910332
0.002166343525357829,0.00248282756460449
0.0021627649041869902,0.002478806552439979
0.0021592110925725346,0.002474818491919059
0.0021556821077082164,0.0024708634139235367
0.00215217795391583,0.0024669413321939003
0.002148698622942153,0.0024630522438138674
0.0021452440942609846,0.002459196129697517
0.0021418143353802385,0.002455372955078886
0.0021384093021531263,0.0024515826700021574
0.00213502893909247,0.0024478252098112043
0.002131673179687945,0.002444100495637694
0.002128341946726228,0.0024404084348876596
0.0021250351526122197,0.0024367489217238217
0.0021217526996925007,0.0024331218375453264
0.0021184944805790386,0.0024295270514618833
0.0021152603784741647,0.002425964420763883
0.0021120502674953964,0.002422433791386407
0.0021088640129999802,0.002418934998367188
0.002105701471909601,0.002415467866298912
0.0021025624930337008,0.002412032209774145
0.002099446917392004,0.002408627833823714
0.002096354578535613,0.002405254534347778
0.00209328530286667,0.0024019120985397063
0.0020902389099554334,0.0023986003053018145
0.0020872152128558847,0.0023953189256540664
0.002084214018418735,0.002392067723134865
0.0020812351276011075,0.002388846454193163
0.002078278335774318,0.0023856548685737672
0.002075343433027268,0.0023824927096933127
0.002072430204467445,0.0023793597150091857
0.0020695384305176017,0.002376255616379611
0.0020666678872088783,0.0023731801404158898
0.002063818346469612,0.0023701330088263684
0.002060989576410111,0.0023671139387521946
0.0020581813416023858,0.0023641226430947187
0.002055393403355961,0.0023611588308352425
0.002052625519988009,0.0023582222073459374
0.0020498774470890766,0.0023553124746932795
0.002047148937783036,0.002352429331932824
0.002044439742982054,0.0023495724753963545
0.0020417496116357362,0.002346741598970656
0.0020390782909748286,0.0023439363943686454
0.0020364255267489775,0.0023411565513923307
0.002033791063458729,0.002338401758188125
0.0020311746445812904,0.0023356717014940856
0.002028576012790514,0.002332966066879738
0.0020259949101703255,0.0023302845389779354
0.002023431078422378,0.0023276268017094416
0.002020884259067133,0.0023249925384998763
0.0020183541936383336,0.002322381432488885
0.002015840623872015,0.002319793166732921
0.0020133432918883346,0.002317227424399956
0.002010861940366808,0.0023146838889568527
0.002008396312716662,0.00231216224435123
0.0020059461532388454,0.002309662175184401
0.002003511207283292,0.0023071833668791676
0.002001091221398854,0.0023047255058397053
0.001998685943477829,0.002302288279605853
0.0019962951228935607,0.0022998713770003105
0.001993918510632374,0.0022974744882697093
0.001991555859419338,0.0022950973052195595
0.0019892069238379327,0.0022927395213430124
0.0019868714604438487,0.0022904008319435346
0.0019845492278733846,0.002288080934252374
0.0019822399869453035,0.0022857795275393468
0.0019799435007578814,0.0022834963132189407
0.001977659534780258,0.0022812309949507797
0.001975387856938011,0.002278983278734423
0.0019731282376938236,0.0022767528729993407
0.0019708804501231696,0.002274539488690072
0.0019686442699843763,0.002272342839345869
0.0019664194757844423,0.0022701626411762792
0.0019642058488395947,0.0022679986131316525
0.0019620031733313665,0.002265850476969188
0.001959811236358355,0.0022637179573150416
0.0019576298279830166,0.00226160078172141
0.0019554587412750533,0.0022594986807205598
0.001953297772349746,0.002257411387873817
0.0019511467204030904,0.002255338639817539
0.0019490053877423967,0.002253280176304791
0.001946873579813559,0.0022512357402436497
0.0019447511052248009,0.0022492050777322696
0.0019426377757663389,0.0022471879380898774
0.0019405334064275122,0.002245184073885355
0.0019384378154098723,0.0022431932409619475
0.0019363508241377748,0.00224121519845939
0.0019342722572656297,0.002239249708832903
0.0019322019426823967,0.002237296537869406
0.001930139711513273,0.0022353554547009926
0.0019280853981187634,0.002233426231815786
0.001926038840091378,0.0022315086450664413
0.0019239998782495259,0.0022296024736758275
0.0019219683566295482,0.0022277075002408004
0.0019199441224750783,0.002225823510733333
0.0019179270262247178,0.0022239502944998747
0.0019159169214975629,0.0022220876442584844
0.0019139136650764565,0.0022202353560935918
0.0019119171168902464,0.002218393229449768
0.0019099271399934008,0.0022165610671226396
0.0019079436005447455,0.00221473867524887
0.0019059663677839771,0.00221292586329377
0.001903995314007495,0.0022111224440381117
0.0019020303145421667,0.002209328233562707
0.0019000712477180264,0.0022075430512317074
0.0018981179948401752,0.002205766719675018
0.0018961704401584852,0.002203999064768355
0.00189422847083783,0.002202239915613431
0.0018922919769254413,0.0022004891045153863
0.0018903608513188524,0.00219874646696032
0.0018884349897323792,0.0021970118415913105
0.0018865142906626551,0.0021952850701832
0.001884598655353605,0.0021935659976165616
0.0018826879877608068,0.0021918544718509234
0.0018807821945151923,0.0021901503438969544
0.001878881184885997,0.002188453467787827
0.0018769848707432745,0.0021867637005496482
0.0018750931665201939,0.0021850809021717404
0.0018732059891745886,0.0021834049355755857
0.0018713232581502642,0.002181735666583495
0.0018694448953379228,0.0021800729638865577
0.0018675708250361768,0.002178416699012396
0.001865700973911246,0.0021767667462913756
0.0018638352709582525,0.0021751229828241045
0.0018619736474603291,0.0021734852884464986
0.0018601160369492308,0.0021718535456961004
0.0018582623751649116,0.0021702276397770654
0.0018564126000154217,0.0021686074585251717
0.001854566651536699,0.0021669928923725395
0.0018527244718523198,0.002165383834311956
0.0018508860051332735,0.0021637801798610077
0.0018490511975581376,0.0021621818270263246
0.0018472199972726217,0.002160588676266958
0.0018453923543501026,0.0021590006304584466
0.0018435682207515666,0.002157417594856079
0.0018417475502862089,0.0021558394770584887
0.001839930298571818,0.002154266186970895
0.001838116422995873,0.0021526976367686806
0.0018363058826761217,0.002151133740860294
0.0018344986384224772,0.00214957441585117
0.0018326946526979488,0.0021480195805064994
0.001830893889580748,0.0021464691557149017
0.0018290963147263991,0.00214492306445187
0.0018273018953302795,0.002143381231743441
0.0018255106000899242,0.002141843584629394
0.0018237223991686305,0.002140310052127565
0.0018219372641586399,0.0021387805651973974
0.0018201551680449475,0.002137255056704135
0.0018183760851695912,0.0021357334613830827
0.0018165999911960097,0.002134215715803853
0.001814826863074297,0.0021327017583352586
0.001813056679006261,0.00213119152910988
0.001811289418411483,0.0021296849699893603
0.0018095250618930627,0.0021281820245292976
0.0018077635912050027,0.002126682637945543
0.0018060049892182082,0.002125186757079005
0.0018042492398890264,0.002123694330362713
0.00180249632822643,0.002122205307787511
0.0018007462402605836,0.0021207196408688763
0.0017989989630120271,0.0021192372826142666
0.0017972544844604543,0.0021177581874898734
0.0017955127935145798,0.002116282311388341
0.0017937738799826846,0.0021148096115970383
0.0017920377345428098,0.0021133400467658364
0.0017903043487141035,0.002111873576875943
0.001788573714828615,0.0021104101632090314
0.0017868458260029301,0.002108949768316114
0.0017851206761110923,0.002107492355987541
0.0017833982597573847,0.0021060378912228683
0.00178167857224996,0.0021045863402013817
0.0017799616095745595,0.002103137670252572
0.001778247368369362,0.002101691849827801
0.0017765358458993962,0.0021002488484712814
0.0017748270400321125,0.0020988086367922567
0.0017731209492133132,0.0020973711864373727
0.0017714175724431792,0.0020959364700631074
0.001769716909253368,0.00209450446130921
0.0017680189596839045,0.0020930751347718736
0.0017663237242610543,0.002091648465977724
0.0017646312039753928,0.0020902244313581245
0.0017629414002604134,0.0020888030082238506
0.0017612543149715027,0.002087384174740037
0.0017595699503656088,0.002085967909901842
0.0017578883090810268,0.0020845541935102653
0.0017562093941178999,0.0020831430061484125
0.0017545332088188003,0.002081734329158033
0.0017528597568503299,0.0020803281446168617
0.0017511890421846212,0.002078924435315995
0.0017495210690815232,0.002077523184737745
0.0017478558420710763,0.0020761243770339483
0.0017461933659365285,0.0020747279970045667
0.0017445336456978612,0.0020733340300770706
0.001742876686595288,0.0020719424622854133
0.0017412224940737912,0.0020705532802503816
0.0017395710737676338,0.0020691664711596975
0.001737922431485341,0.0020677820227485884
0.0017362765731949615,0.0020663999232807405
0.0017346335050102773,0.0020650201615300947
0.0017329932331767164,0.002063642726762363
0.0017313557640579007,0.002062267608717215
0.0017297211041228625,0.002060894797591095
0.001728089259933049,0.002059524284019879
0.0017264602381303878,0.002058156059062465
0.0017248340454248915,0.002056790114184104
0.0017232106885836285,0.00205542644124096
0.0017215901744190249,0.0020540650324640604
0.001719972509778309,0.0020527058804444176
0.0017183577015328388,0.0020513489781179696
0.0017167457565678247,0.0020499943187510476
0.0017151366817727575,0.002048641895926488
0.0017135304840316331,0.0020472917035295225
0.0017119271702138693,0.00204594373573449
0.0017103267471654,0.002044597986991656
0.0017087292217000487,0.002043254452014358
0.001707134600591445,0.002041913125766738
0.0017055428905648085,0.00204057400345129
0.00170395409828947,0.002039237080497318
0.0017023682303716281,0.0020379023525494595
0.0017007852933470906,0.0020365698154563953
0.0016992052936743815,0.0020352394652598305
0.001697628237728547,0.002033911298184269
0.001696054131794737,0.0020325853106265904
0.001694482982062282,0.0020312614991460512
0.0016929147946189553,0.0020299398604547393
0.0016913495754455766,0.002028620391408046
0.0016897873304108815,0.0020273030889957954
0.0016882280652664337,0.002025987950333174
0.00168667178564203,0.0020246749726524037
0.001685118497041379,0.0020233641532945226
0.0016835682048375058,0.002022055489701059
0.0016820209142692187,0.0020207489794067265
0.0016804766304370398,0.002019444620031734
0.001678935358299829,0.0020181424092746247
0.001677397102671377,0.002016842344905308
0.0016758618682172583,0.0020155444247583116
0.0016743296594519462,0.0020142486467262825
0.0016728004807362194,0.0020129550087539198
0.001671274336274503,0.0020116635088318134
0.0016697512301126513,0.0020103741449907274
0.0016682311661357448,0.002009086915296028
0.0016667141480660884,0.002007801817842262
0.0016652001794617796,0.0020065188507484397
0.0016636892637145642,0.0020052380121524885
0.0016621814040488974,0.0020039593002070975
0.001660676603520428,0.0020026827130749684
0.0016591748650148493,0.0020014082489245018
0.0016576761912473067,0.002000135905925889
0.0016561805847612073,0.0019988656822470304
0.0016546880479277424,0.0019975975760497928
0.0016531985829454558,0.001996331585486577
0.0016517121918397442,0.0019950677086968626
0.0016502288764627376,0.0019938059438040284
0.0016487486384931859,0.0019925462889123684
0.0016472714794364333,0.001991288742104099
0.0016457974006246644,0.0019900333014368295
0.0016443264032170867,0.001988779964940861
0.0016428584882005274,0.001987528730616992
0.0016413936563896378,0.001986279596433967
0.0016399319084276869,0.0019850325603266122
0.0016384732447873697,0.0019837876201939035
0.0016370176657714253,0.0019825447738969727
0.0016355651715136506,0.0019813040192574603
0.0016341157619798972,0.001980065354056053
0.0016326694369691802,0.0019788287760309463
0.0016312261961149736,0.0019775942828767095
0.0016297860388862146,0.0019763618722427904
0.001628348964588938,0.0019751315417327513
0.001626914972367505,0.001973903288903093
0.0016254840612061577,0.0019726771112624298
0.0016240562299306644,0.0019714530062708434
0.001622631477209967,0.0019702309713392607
0.0016212098015576323,0.0019690110038286033
0.001619791201333956,0.001967793101049676
0.0016183756747475014,0.0019665772602625742
0.0016169632198571897,0.0019653634786765857
0.0016155538345740902,0.001964151753449833
0.0016141475166634662,0.001962942081689303
0.0016127442637466761,0.001961734460450663
0.001611344073303368,0.001960528886738386
0.0016099469426736014,0.0019593253575060014
0.0016085528690598847,0.0019581238696560962
0.0016071618495293767,0.0019569244200405684
0.001605773881016124,0.0019557270054610886
0.0016043889603233363,0.0019545316226693777
0.001603007084125537,0.00195333826836764
0.0016016282489711051,0.001952146939209253
0.0016002524512842202,0.001950957631798984
0.0015988796873675215,0.0019497703426938336
0.0015975099534043928,0.0019485850684037445
0.0015961432454612247,0.0019474018053920606
0.0015947795594899899,0.0019462205500765046
0.0015934188913303638,0.00194504129882974
0.0015920612367125323,0.001943864047980499
0.0015907065912592606,0.0019426887938141285
0.0015893549504884385,0.0019415155325736128
0.0015880063098157044,0.0019403442604606937
0.0015866606645565584,0.0019391749736364843
0.0015853180099290364,0.0019380076682227489
0.0015839783410560105,0.0019368423403026806
0.0015826416529678964,0.00193567898592236
0.0015813079406044976,0.0019345176010910723
0.0015799771988182622,0.0019333581817833516
0.0015786494223759893,0.0019322007239393013
0.0015773246059616378,0.001931045223466149
0.0015760027441785944,0.0019298916762392252
0.001574683831552002,0.0019287400781030186
0.0015733678625313788,0.0019275904248727026
0.0015720548314927506,0.0019264427123349384
0.001570744732741172,0.001925296936249308
0.0015694375605129224,0.001924153092349343
0.0015681333089779539,0.0019230111763438378
0.0015668319722421577,0.0019218711839181048
0.0015655335443495923,0.0019207331107349828
0.0015642380192848779,0.0019195969524363327
0.001562945390975323,0.0019184627046440065
0.0015616556532932209,0.0019173303629612252
0.0015603688000579768,0.0019161999229737286
0.0015590848250384114,0.0019150713802510001
0.0015578037219548127,0.0019139447303475206
0.001556525484481162,0.001912819968804012
0.0015552501062470973,0.0019116970911484449
0.001553977580840182,0.0019105760928975256
0.0015527079018077823,0.001909456969557668
0.0015514410626591704,0.0019083397166262056
0.0015501770568675305,0.0019072243295927029
0.0015489158778719992,0.0019061108039400156
0.0015476575190793967,0.0019049991351454292
0.0015464019738663543,0.00190388931868188
0.001545149235581212,0.0019027813500191667
0.0015438992975455304,0.001901675224624702
0.0015426521530563875,0.0019005709379651447
0.0015414077953878422,0.0018994684855070992
0.001540166217792769,0.001898367862718368
0.00153892741350466,0.0018972690650689787
0.0015376913757392538,0.001896172088032256
0.0015364580976962125,0.001895076927085836
0.001535227572560824,0.0018939835777127458
0.0015339997935055157,0.001892892035402382
0.001532774753691341,0.0018918022956512775
0.0015315524462698649,0.001890714353964613
0.0015303328643842115,0.0018896282058565581
0.0015291160011708543,0.0018885438468515606
0.001527901849761058,0.0018874612724853166
0.0015266904032819038,0.001886380478305224
0.0015254816548582709,0.0018853014598719214
0.0015242755976137207,0.0018842242127596583
0.0015230722246719378,0.0018831487325572367
0.0015218715291579969,0.0018820750148689283
0.0015206735041997281,0.001881003055315283
0.0015194781429287577,0.0018799328495337675
0.0015182854384817293,0.0018788643931796384
0.0015170953840016937,0.001877797681926845
0.0015159079726387347,0.0018767327114682546
0.0015147231975516215,0.001875669477517024
0.0015135410519084302,0.0018746079758067138
0.0015123615288878188,0.0018735482020923078
0.0015111846216798637,0.0018724901521506641
0.0015100103234872051,0.0018714338217812679
0.0015088386275258164,0.001870379206806807
0.0015076695270259124,0.001869326303073554
0.0015065030152330184,0.001868275106452369
0.0015053390854086522,0.0018672256128388664
0.001504177730831048,0.0018661778181539952
0.001503018944796191,0.0018651317183447094
0.0015018627206184415,0.0018640873093843755
0.001500709051631299,0.001863044587273195
0.0014995579311879964,0.0018620035480386567
0.0014984093526624386,0.0018609641877361202
0.0014972633094495161,0.0018599265024489607
0.0014961197949659956,0.0018588904882892005
0.00149497880265091,0.0018578561413976709
0.0014938403259664743,0.0018568234579447295
0.001492704358398252,0.0018557924341302352
0.001491570893455772,0.0018547630661838888
0.001490439924673195,0.0018537353503658145
0.0014893114456096203,0.0018527092829665967
0.0014881854498496271,0.0018516848603076543
0.001487061931003635,0.0018506620787414833
0.0014859408827083075,0.0018496409346518007
0.0014848222986270263,0.001848621424453934
0.0014837061724501726,0.001847603544594925
0.0014825924978953916,0.0018465872915536157
0.0014814812687081694,0.0018455726618411188
0.0014803724786618016,0.0018445596520006232
0.0014792661215577757,0.0018435482586076678
0.0014781621912262454,0.0018425384782704576
0.0014770606815260677,0.0018415303076297824
0.0014759615863449047,0.0018405237433590078
0.0014748648995996315,0.0018395187821643973
0.001473770615236534,0.0018385154207851387
0.0014726787272311718,0.0018375136559931446
0.0014715892295890005,0.0018365134845935624
0.0014705021163449682,0.001835514903424254
0.0014694173815641256,0.0018345179093563638
0.0014683350193413541,0.0018335224992938866
0.0014672550238015553,0.0018325286701738452
0.0014661773890997623,0.0018315364189662557
0.00146510210942128,0.00183054574267422
0.0014640291789814314,0.0018295566383336134
0.0014629585920259115,0.0018285691030132853
0.0014618903428305367,0.0018275831338148676
0.001460824425701341,0.0018265987278726571
0.0014597608349746075,0.0018256158823537353
0.0014586995650167666,0.0018246345944576592
0.0014576406102244318,0.0018236548614165497
0.001456583965024133,0.0018226766804946967
0.0014555296238726366,0.0018217000489888552
0.0014544775812564339,0.001820724964227705
0.0014534278316919818,0.0018197514235719675
0.0014523803697254758,0.0018187794244142177
0.0014513351899327644,0.0018178089641786835
0.0014502922869191978,0.001816840040321108
0.0014492516553195243,0.0018158726503285521
0.0014482132897978993,0.0018149067917193724
0.0014471771850473978,0.00181394246204271
0.001446143335790311,0.0018129796588787776
0.0014451117367775919,0.0018120183798381972
0.0014440823827890172,0.0018110586225621624
0.0014430552686327217,0.0018101003847219817
0.0014420303891452436,0.0018091436640190021
0.0014410077391913008,0.0018081884581844251
0.0014399873136635413,0.0018072347649789869
0.0014389691074823106,0.0018062825821927393
0.001437953115595633,0.001805331907644928
0.0014369393329788083,0.0018043827391836457
0.0014359277546344132,0.0018034350746857467
0.0014349183755918017,0.0018024889120563344
0.0014339111909071546,0.001801544249228808
0.0014329061956630939,0.001800601084164413
0.0014319033849686839,0.0017996594148522334
0.0014309027539589109,0.001798719239308671
0.0014299042977945228,0.0017977805555771853
0.0014289080116620422,0.0017968433617284064
0.001427913890773159,0.0017959076558593692
0.0014269219303649197,0.0017949734360938004
0.0014259321256989432,0.0017940407005811844
0.001424944472061767,0.0017931094474971864
0.0014239589647642192,0.0017921796750429656
0.00142297559914121,0.001791251381444947
0.0014219943705515747,0.0017903245649546142
0.0014210152743779595,0.001789399223848421
0.0014200383060262512,0.0017884753564271472
0.0014190634609255461,0.0017875529610158942
0.0014180907345279152,0.0017866320359637754
0.0014171201223079815,0.0017857125796434778
0.0014161516197629203,0.0017847945904513008
0.0014151852224119881,0.0017838780668065688
0.001414220925796383,0.0017829630071515413
0.0014132587254789156,0.0017820494099509716
0.0014122986170439593,0.001781137273692154
0.0014113405960969531,0.0017802265968842762
0.0014103846582643868,0.0017793173780584796
0.001409430799193315,0.001778409615767271
0.0014084790145512513,0.0017775033085844075
0.001407529300025967,0.0017765984551047038
0.0014065816513253492,0.0017756950539438525
0.0014056360641766983,0.0017747931037376216
0.0014046925343269938,0.001773892603142169
0.0014037510575424625,0.0017729935508335893
0.0014028116296084356,0.0017720959455076782
0.0014018742463288015,0.001771199785879371
0.0014009389035262068,0.0017703050706829456
0.001400005597041609,0.00176941179867153
0.0013990743227340755,0.0017685199686168335
0.0013981450764805,0.0017676295793088844
0.0013972178541755192,0.0017667406295558562
0.0013962926517312184,0.0017658531181837871
0.0013953694650769254,0.0017649670440363263
0.001394448290158937,0.001764082405974364
0.0013935291229404086,0.00176319920287602
0.0013926119594012373,0.0017623174336363432
0.001391696795537494,0.0017614370971667538
0.0013907836273616765,0.001760558192395348
0.0013898724509022074,0.0017596807182662208
0.0013889632622033634,0.001758804673739423
0.001388056057324942,0.0017579300577905783
0.0013871508323423302,0.0017570568694109492
0.0013862475833460826,0.0017561851076068745
0.001385346306441917,0.0017553147713998203
0.0013844469977503733,0.00175444585982595
0.001383549653406761,0.0017535783719360473
0.0013826542695608744,0.0017527123067951392
0.001381760842377,0.0017518476634825436
0.0013808693680334742,0.001750984441091275
0.0013799798427230059,0.0017501226387284503
0.0013790922626517146,0.0017492622555141106
0.0013782066240399923,0.0017484032905822201
0.001377322923121458,0.0017475457430794223
0.0013764411561433053,0.0017466896121654356
0.001375561319365998,0.0017458348970126236
0.0013746834090631896,0.001744981596805923
0.0013738074215214964,0.0017441297107425797
0.0013729333530404905,0.0017432792380319823
0.0013720611999323451,0.0017424301778953687
0.0013711909585220692,0.0017415825295659674
0.001370322625146977,0.0017407362922884162
0.001369456196156819,0.0017398914653188235
0.001368591667913733,0.0017390480479246772
0.0013677290367916871,0.0017382060393842252
0.001366868299177028,0.00173736543898701
0.0013660094514677471,0.0017365262460330162
0.0013651524900737684,0.0017356884598329193
0.001364297411416734,0.0017348520797078456
0.0013634442119297892,0.001734017104989073
0.0013625928880577822,0.0017331835350181816
0.0013617434362567732,0.0017323513691464788
0.0013608958529942737,0.0017315206067352374
0.0013600501347489685,0.00173069124715528
0.0013592062780107485,0.0017298632897870313
0.0013583642792805652,0.001729036734020253
0.00135752413507033,0.0017282115792539127
0.001356685841902896,0.001727387824896076
0.001355849396311968,0.001726565470363802
0.0013550147948420974,0.0017257445150830344
0.0013541820340482972,0.001724924958488164
0.001353351110496606,0.001724106800022556
0.0013525220207632896,0.0017232900391376425
0.0013516947614353506,0.0017224746752933907
0.0013508693291100968,0.001721660707957854
0.001350045720395452,0.0017208481366073293
0.0013492239319095266,0.001720036960725917
0.0013484039602807898,0.0017192271798056455
0.0013475858021479825,0.0017184187933462671
0.0013467694541600868,0.0017176118008552274
0.0013459549129762917,0.0017168062018474962
0.0013451421752657827,0.0017160019958453396
0.0013443312377079623,0.0017151991823784367
0.0013435220969922293,0.0017143977609836538
0.0013427147498182674,0.0017135977312052327
0.0013419091928952313,0.0017127990925938693
0.0013411054229427591,0.0017120018447077056
0.001340303436690236,0.001711205987111571
0.0013395032308768909,0.001710411519376912
0.0013387048022519895,0.0017096184410819802
0.001337908147574545,0.0017088267518114832
0.0013371132636135822,0.0017080364511567428
0.0013363201471477506,0.001707247538715262
0.0013355287949657544,0.0017064600140911125
0.0013347392038659375,0.001705673876894417
0.0013339513706564629,0.001704889126741453
0.0013331652921553644,0.001704105763254701
0.0013323809651903861,0.0017033237860625409
0.0013315983865990013,0.0017025431947992474
0.0013308175532285862,0.0017017639891050915
0.0013300384619360378,0.001700986168625897
0.0013292611095882792,0.0017002097330134545
0.0013284854930617515,0.0016994346819249587
0.001327711609242705,0.0016986610150232725
0.0013269394550272625,0.0016978887319768175
0.001326169027321152,0.0016971178324593997
0.0013254003230399748,0.0016963483161502595
0.0013246333391088245,0.0016955801827336875
0.0013238680724628913,0.0016948134318995982
0.0013231045200470086,0.0016940480633429633
0.0013223426788155918,0.0016932840767636666
0.001321582545733138,0.0016925214718670107
0.0013208241177736827,0.0016917602483630383
0.001320067391921205,0.0016910004059669192
0.001319312365169475,0.0016902419443987013
0.0013185590345219655,0.0016894848633831568
0.0013178073969920922,0.0016887291626499815
0.001317057449603108,0.0016879748419336225
0.0013163091893879592,0.0016872219009730612
0.0013155626133896827,0.0016864703395121229
0.001314817718661058,0.0016857201572991068
0.0013140745022647054,0.0016849713540868002
0.0013133329612733773,0.0016842239296327272
0.0013125930927694303,0.0016834778836984762
0.001311854893845384,0.0016827332160503409
0.001311118361603669,0.0016819899264588856
0.0013103834931565948,0.0016812480146988712
0.0013096502856266156,0.0016805074805495213
0.0013089187361460493,0.0016797683237941045
0.001308188841857203,0.0016790305442200403
0.001307460599912518,0.0016782941416189664
0.0013067340074744797,0.0016775591157866144
0.0013060090617155742,0.0016768254665226673
0.0013052857598184239,0.001676093193630884
0.0013045640989758213,0.0016753622969190136
0.0013038440763904287,0.0016746327761984836
0.0013031256892753074,0.0016739046312848427
0.0013024089348535413,0.0016731778619973358
0.0013016938103585119,0.0016724524681591794
0.0013009803130335767,0.0016717284495970472
0.0013002684401324635,0.0016710058061415285
0.0012995581889190882,0.0016702845376268317
0.0012988495566675711,0.0016695646438907934
0.0012981425406623276,0.0016688461247748427
0.0012974371381980162,0.001668128980123944
0.0012967333465795203,0.001667413209786491
0.0012960311631221902,0.0016666988136145632
0.0012953305851515278,0.0016659857914634508
0.001294631610003453,0.0016652741431919635
0.0012939342350241927,0.0016645638686622168
0.0012932384575703863,0.0016638549677396757
0.0012925442750089024,0.0016631474402929464
0.0012918516847172398,0.0016624412861941293
0.0012911606840830402,0.0016617365053182322
0.0012904712705045544,0.001661033097543691
0.0012897834413903933,0.0016603310627519127
0.001289097194159489,0.0016596304008273115
0.0012884125262413485,0.0016589311116574845
0.0012877294350759326,0.0016582331951330207
